{"loss": [0.7779819965362549, 0.3513280153274536, 0.14478887617588043, 0.09360189735889435, 0.058162618428468704, 0.04921393468976021, 0.016031013801693916, 0.053075630217790604, 0.061369940638542175, 0.008398562669754028], "binary_accuracy": [0.5366666913032532, 0.8849999904632568, 0.9483333230018616, 0.9683333039283752, 0.9800000190734863, 0.9825000166893005, 0.9941666722297668, 0.9933333396911621, 0.98416668176651, 0.9975000023841858], "val_loss": [0.41654691100120544, 0.16146348416805267, 0.20462845265865326, 0.07186098396778107, 0.03752376139163971, 0.02470145933330059, 0.04223179817199707, 0.06529316306114197, 0.01543886587023735, 0.010276908054947853], "val_binary_accuracy": [0.8899999856948853, 0.9399999976158142, 0.925000011920929, 0.9750000238418579, 0.9825000166893005, 0.987500011920929, 0.9900000095367432, 0.9775000214576721, 0.9900000095367432, 0.9950000047683716]}