{"loss": [0.6142330765724182, 0.16557437181472778, 0.050156060606241226, 0.053103845566511154, 0.030046869069337845, 0.01710374280810356, 0.014810721389949322, 0.025232039391994476, 0.0116217490285635, 0.0036154938861727715], "binary_accuracy": [0.6741666793823242, 0.9491666555404663, 0.9833333492279053, 0.9825000166893005, 0.9900000095367432, 0.9916666746139526, 0.9975000023841858, 0.9908333420753479, 0.996666669845581, 0.9983333349227905], "val_loss": [0.2890763580799103, 0.06603515148162842, 0.04671787843108177, 0.04547702148556709, 0.03904895856976509, 0.03086056560277939, 0.037090059369802475, 0.09390918910503387, 0.07789869606494904, 0.07119542360305786], "val_binary_accuracy": [0.9449999928474426, 0.9750000238418579, 0.9850000143051147, 0.9825000166893005, 0.9750000238418579, 0.9850000143051147, 0.9825000166893005, 0.9725000262260437, 0.9800000190734863, 0.9850000143051147]}