{"loss": [0.009011907503008842, 0.0016695100348442793, 0.0016669223550707102, 0.0016666802112013102, 0.001666672178544104, 0.0016666674055159092, 0.0016666668234393, 0.0016666667070239782, 0.0016666667070239782, 0.0016666667070239782], "binary_accuracy": [0.9883333444595337, 0.9983333349227905, 0.9983333349227905, 0.9983333349227905, 0.9983333349227905, 0.9983333349227905, 0.9983333349227905, 0.9983333349227905, 0.9983333349227905, 0.9983333349227905], "val_loss": [0.010513088665902615, 0.004363441839814186, 0.0032926187850534916, 0.0035631328355520964, 0.0033069076016545296, 0.0023633313830941916, 0.003925488330423832, 0.0038374268915504217, 0.0037665124982595444, 0.003855314804241061], "val_binary_accuracy": [0.9850000143051147, 0.9925000071525574, 0.9950000047683716, 0.9950000047683716, 0.9950000047683716, 0.9950000047683716, 0.9950000047683716, 0.9950000047683716, 0.9950000047683716, 0.9950000047683716]}