{"loss": [0.11621914058923721, 0.01811024732887745, 0.024080662056803703, 0.014498872682452202, 0.007607619743794203, 0.008430770598351955, 0.005773856304585934, 0.011260099709033966, 0.010605552233755589, 0.01950846239924431], "binary_accuracy": [0.82833331823349, 0.9783333539962769, 0.9708333611488342, 0.9850000143051147, 0.9908333420753479, 0.987500011920929, 0.9925000071525574, 0.9850000143051147, 0.9866666793823242, 0.9783333539962769], "val_loss": [0.020156946033239365, 0.024634651839733124, 0.022497795522212982, 0.021039841696619987, 0.01122685894370079, 0.005295104347169399, 0.019296331331133842, 0.012288941070437431, 0.09925176948308945, 0.016897672787308693], "val_binary_accuracy": [0.9750000238418579, 0.9725000262260437, 0.9700000286102295, 0.9725000262260437, 0.987500011920929, 0.9925000071525574, 0.9800000190734863, 0.987500011920929, 0.8899999856948853, 0.9825000166893005]}