{"loss": [0.28155070543289185, 0.15546242892742157, 0.13749125599861145, 0.12523506581783295, 0.1118040680885315, 0.10299396514892578, 0.09081529825925827, 0.08061699569225311, 0.0737355425953865, 0.06776490807533264], "binary_accuracy": [0.868105947971344, 0.9328244924545288, 0.939939022064209, 0.9450045824050903, 0.9503512978553772, 0.9540820121765137, 0.9588373303413391, 0.9627965092658997, 0.9657105803489685, 0.9681692719459534], "val_loss": [0.16981515288352966, 0.14502555131912231, 0.1321762055158615, 0.12498580664396286, 0.10846015065908432, 0.10192412883043289, 0.09246702492237091, 0.08481966704130173, 0.07265505939722061, 0.07079046964645386], "val_binary_accuracy": [0.9264216423034668, 0.9368423223495483, 0.9422248601913452, 0.9445124268531799, 0.9514023065567017, 0.9549686908721924, 0.9577309489250183, 0.9605491757392883, 0.9658443927764893, 0.9664801359176636]}