{"loss": [0.36608827114105225, 0.17221707105636597, 0.13315190374851227, 0.11045082658529282, 0.09106447547674179, 0.07710861414670944, 0.06716448068618774, 0.06047651916742325, 0.05521366000175476, 0.05054973438382149], "binary_accuracy": [0.8273332715034485, 0.927004873752594, 0.9423724412918091, 0.9514758586883545, 0.9591562747955322, 0.9647434949874878, 0.968736469745636, 0.9713852405548096, 0.9734971523284912, 0.9752736687660217], "val_loss": [0.19779038429260254, 0.14504753053188324, 0.1464085578918457, 0.12128033488988876, 0.07831387221813202, 0.0758839100599289, 0.06214916706085205, 0.05635685473680496, 0.0553799569606781, 0.059338681399822235], "val_binary_accuracy": [0.9162378311157227, 0.9375047087669373, 0.9391300678253174, 0.9488821029663086, 0.9633739590644836, 0.9658957123756409, 0.9703881740570068, 0.9724696278572083, 0.973359227180481, 0.9719372391700745]}