{"loss": [0.34288883209228516, 0.18370270729064941, 0.15234190225601196, 0.1331910789012909, 0.1164899468421936, 0.10493697971105576, 0.09421394020318985, 0.08475316315889359, 0.07805030792951584, 0.07370305806398392], "binary_accuracy": [0.832893431186676, 0.9228281378746033, 0.9359182715415955, 0.9432312250137329, 0.9495911002159119, 0.9542132616043091, 0.9582465291023254, 0.9619678854942322, 0.9645566940307617, 0.9662691354751587], "val_loss": [0.2057293951511383, 0.16210217773914337, 0.14275364577770233, 0.13305731117725372, 0.11755835264921188, 0.10651620477437973, 0.09674283862113953, 0.0832173228263855, 0.07680954784154892, 0.08085587620735168], "val_binary_accuracy": [0.913051187992096, 0.9324600100517273, 0.9387760162353516, 0.9440333247184753, 0.9485644698143005, 0.9537785053253174, 0.9573232531547546, 0.9626715779304504, 0.9651013016700745, 0.9641644954681396]}